setting,model,val_roc_auc,val_pr_auc,val_recall_at_p95,test_roc_auc,test_pr_auc,test_recall_at_p95,selected_threshold,test_precision_at_selected_threshold,test_recall_at_selected_threshold,test_fpr_at_selected_threshold
content_only,LR,0.6658800084204617,0.10470084289542825,0.0,0.6483331929824561,0.09777910921956837,0.0,0.9428174807629803,0.4444444444444444,0.032,0.002105263157894737
content_only,HGB,0.8209354197366268,0.42708027029502393,0.22266666666666668,0.8071967719298245,0.3817307840028488,0.08666666666666667,0.6224647500624648,0.9037037037037037,0.16266666666666665,0.000912280701754386
social_only,LR,0.6271449488924754,0.07201442523569804,0.004,0.6327552748538012,0.07659931098291842,0.0013333333333333333,0.8391760421084427,0.625,0.006666666666666667,0.0002105263157894737
social_only,HGB,0.8465802633733305,0.410937342279954,0.05733333333333333,0.8546239064327485,0.406793173911768,0.050666666666666665,0.8679746818248304,0.9473684210526315,0.048,0.00014035087719298245
fusion_all,LR,0.7189953453558815,0.11530322573183144,0.0,0.7077339883040936,0.11300313373967422,0.0,0.9549254685054899,0.5581395348837209,0.032,0.0013333333333333333
fusion_all,HGB,0.9313686992725656,0.7143642061070312,0.368,0.9367992046783626,0.6933337449562581,0.228,0.7254695041485103,0.9224806201550387,0.31733333333333336,0.0014035087719298245
