feature,importance_mean,importance_std
no_digits,0.314811835273312,0.0026138577110725986
no_char,0.28814695293213943,0.007610316852292965
no_hashtag,0.1779454570836064,0.0063115157651170975
no_urls,0.04548785461190829,0.0018998110091437528
