feature,importance_mean,importance_std
no_digits,0.051140624095476775,0.0012871886286030363
no_char,0.015261101017717563,0.0021118112332391644
no_hashtag,0.005768776934360276,0.000580853969375893
no_urls,0.0001838923824047916,4.487826771134119e-05
