feature,importance_mean,importance_std
no_follower,0.24234253745900064,0.005526562726274238
no_following,0.17595225352475974,0.007606441416256895
account_age,0.15765547747868947,0.009977154252161637
no_tweets,0.15406992348232798,0.0074790714397570315
no_retweets,0.13572516874502497,0.0042190500307726034
no_userfavourites,0.10761672760581063,0.005778676313300739
no_usermention,0.08056795156325988,0.006009431302615921
no_lists,0.0711679282204731,0.006028988626791885
