feature,importance_mean,importance_std
no_tweets,0.010010563823731694,0.0007086917429894131
no_retweets,0.005367962190211054,0.0004415012312683759
no_lists,0.004037141444971954,0.0009882495134539702
no_following,0.0038380447156719285,0.0012493905426147645
no_follower,0.0015044412416267711,0.000381685832938629
no_usermention,-0.0006120891902057102,0.0006205727270779872
no_userfavourites,-0.0007427547445952708,0.0008612662295510907
account_age,-0.0016054303405057951,0.0021815577990407222
