feature,importance_mean,importance_std
no_tweets,0.1552390970627741,0.005550223574247291
no_follower,0.08186391635029851,0.0036225515911251956
account_age,0.02748898982704734,0.001545157459003531
no_following,0.023162707409646488,0.001983281789010057
no_usermention,0.01926066295213537,0.0017883601833194693
no_userfavourites,0.011878472827445405,0.0013957523849276623
no_lists,0.010786532482906827,0.0023234708808959627
no_retweets,0.0029109533612347444,0.0003291554145374503
