{
  "content_only": {
    "LR": {
      "val": {
        "roc_auc": 0.7754277360653054,
        "pr_auc": 0.11545180460989649,
        "recall_at_precision_0.95": 0.0,
        "n": 15001
      },
      "test": {
        "roc_auc": 0.7833657076023393,
        "pr_auc": 0.11923549496163831,
        "recall_at_precision_0.95": 0.0,
        "n": 15000
      },
      "selected_threshold_on_val": {
        "threshold": 0.6324921843013295,
        "precision": 0.1467218332272438,
        "recall": 0.6146666666666667
      },
      "test_confusion_at_selected_threshold": {
        "tp": 461,
        "fp": 2668,
        "tn": 11582,
        "fn": 289,
        "precision": 0.14733141578779163,
        "recall": 0.6146666666666667,
        "false_positive_rate": 0.1872280701754386
      },
      "model_path": "outputs/01_train_eval\\model_content_only_LR.joblib",
      "perm_importance_path": "outputs/01_train_eval\\perm_importance_content_only_LR.csv"
    },
    "HGB": {
      "val": {
        "roc_auc": 0.9270817486492176,
        "pr_auc": 0.637043666697837,
        "recall_at_precision_0.95": 0.10933333333333334,
        "n": 15001
      },
      "test": {
        "roc_auc": 0.9260458479532163,
        "pr_auc": 0.6596203250475848,
        "recall_at_precision_0.95": 0.124,
        "n": 15000
      },
      "selected_threshold_on_val": {
        "threshold": 0.7496748469850819,
        "precision": 0.9647058823529412,
        "recall": 0.10933333333333334
      },
      "test_confusion_at_selected_threshold": {
        "tp": 93,
        "fp": 3,
        "tn": 14247,
        "fn": 657,
        "precision": 0.96875,
        "recall": 0.124,
        "false_positive_rate": 0.0002105263157894737
      },
      "model_path": "outputs/01_train_eval\\model_content_only_HGB.joblib",
      "perm_importance_path": "outputs/01_train_eval\\perm_importance_content_only_HGB.csv"
    }
  },
  "social_only": {
    "LR": {
      "val": {
        "roc_auc": 0.8017460295183964,
        "pr_auc": 0.15572980753647345,
        "recall_at_precision_0.95": 0.0,
        "n": 15001
      },
      "test": {
        "roc_auc": 0.8026422456140351,
        "pr_auc": 0.1633088091473182,
        "recall_at_precision_0.95": 0.004,
        "n": 15000
      },
      "selected_threshold_on_val": {
        "threshold": 0.8140129556507858,
        "precision": 0.2857142857142857,
        "recall": 0.0026666666666666666
      },
      "test_confusion_at_selected_threshold": {
        "tp": 5,
        "fp": 6,
        "tn": 14244,
        "fn": 745,
        "precision": 0.45454545454545453,
        "recall": 0.006666666666666667,
        "false_positive_rate": 0.0004210526315789474
      },
      "model_path": "outputs/01_train_eval\\model_social_only_LR.joblib",
      "perm_importance_path": "outputs/01_train_eval\\perm_importance_social_only_LR.csv"
    },
    "HGB": {
      "val": {
        "roc_auc": 0.9610723458002948,
        "pr_auc": 0.867307992837601,
        "recall_at_precision_0.95": 0.6746666666666666,
        "n": 15001
      },
      "test": {
        "roc_auc": 0.9696507134502923,
        "pr_auc": 0.884684133962365,
        "recall_at_precision_0.95": 0.712,
        "n": 15000
      },
      "selected_threshold_on_val": {
        "threshold": 0.6470094063672736,
        "precision": 0.9529190207156308,
        "recall": 0.6746666666666666
      },
      "test_confusion_at_selected_threshold": {
        "tp": 531,
        "fp": 26,
        "tn": 14224,
        "fn": 219,
        "precision": 0.9533213644524237,
        "recall": 0.708,
        "false_positive_rate": 0.001824561403508772
      },
      "model_path": "outputs/01_train_eval\\model_social_only_HGB.joblib",
      "perm_importance_path": "outputs/01_train_eval\\perm_importance_social_only_HGB.csv"
    }
  },
  "fusion_all": {
    "LR": {
      "val": {
        "roc_auc": 0.852017682969616,
        "pr_auc": 0.1921962546274678,
        "recall_at_precision_0.95": 0.0,
        "n": 15001
      },
      "test": {
        "roc_auc": 0.8547828771929824,
        "pr_auc": 0.18977687890895897,
        "recall_at_precision_0.95": 0.0,
        "n": 15000
      },
      "selected_threshold_on_val": {
        "threshold": 0.7668727734853124,
        "precision": 0.2624390243902439,
        "recall": 0.3586666666666667
      },
      "test_confusion_at_selected_threshold": {
        "tp": 274,
        "fp": 819,
        "tn": 13431,
        "fn": 476,
        "precision": 0.2506861848124428,
        "recall": 0.36533333333333334,
        "false_positive_rate": 0.057473684210526316
      },
      "model_path": "outputs/01_train_eval\\model_fusion_all_LR.joblib",
      "perm_importance_path": "outputs/01_train_eval\\perm_importance_fusion_all_LR.csv"
    },
    "HGB": {
      "val": {
        "roc_auc": 0.9809050125137416,
        "pr_auc": 0.9448306197248986,
        "recall_at_precision_0.95": 0.888,
        "n": 15001
      },
      "test": {
        "roc_auc": 0.9855306666666666,
        "pr_auc": 0.9530305285105937,
        "recall_at_precision_0.95": 0.9,
        "n": 15000
      },
      "selected_threshold_on_val": {
        "threshold": 0.33812064346123877,
        "precision": 0.9500713266761769,
        "recall": 0.888
      },
      "test_confusion_at_selected_threshold": {
        "tp": 674,
        "fp": 35,
        "tn": 14215,
        "fn": 76,
        "precision": 0.9506346967559943,
        "recall": 0.8986666666666666,
        "false_positive_rate": 0.002456140350877193
      },
      "model_path": "outputs/01_train_eval\\model_fusion_all_HGB.joblib",
      "perm_importance_path": "outputs/01_train_eval\\perm_importance_fusion_all_HGB.csv"
    }
  }
}