setting,model,val_roc_auc,val_pr_auc,val_recall_at_p95,test_roc_auc,test_pr_auc,test_recall_at_p95,selected_threshold,test_precision_at_selected_threshold,test_recall_at_selected_threshold,test_fpr_at_selected_threshold
content_only,LR,0.7754277360653054,0.11545180460989649,0.0,0.7833657076023393,0.11923549496163831,0.0,0.6324921843013295,0.14733141578779163,0.6146666666666667,0.1872280701754386
content_only,HGB,0.9270817486492176,0.637043666697837,0.10933333333333334,0.9260458479532163,0.6596203250475848,0.124,0.7496748469850819,0.96875,0.124,0.0002105263157894737
social_only,LR,0.8017460295183964,0.15572980753647345,0.0,0.8026422456140351,0.1633088091473182,0.004,0.8140129556507858,0.45454545454545453,0.006666666666666667,0.0004210526315789474
social_only,HGB,0.9610723458002948,0.867307992837601,0.6746666666666666,0.9696507134502923,0.884684133962365,0.712,0.6470094063672736,0.9533213644524237,0.708,0.001824561403508772
fusion_all,LR,0.852017682969616,0.1921962546274678,0.0,0.8547828771929824,0.18977687890895897,0.0,0.7668727734853124,0.2506861848124428,0.36533333333333334,0.057473684210526316
fusion_all,HGB,0.9809050125137416,0.9448306197248986,0.888,0.9855306666666666,0.9530305285105937,0.9,0.33812064346123877,0.9506346967559943,0.8986666666666666,0.002456140350877193
