feature,importance_mean,importance_std
no_char,0.05909024430079397,0.0021453891025625975
no_hashtag,0.033297291927770804,0.0024325772455219266
no_urls,0.0050927573830269746,0.0005628858755157197
no_digits,0.0007593840208997456,0.0018518715022085093
