feature,importance_mean,importance_std
no_hashtag,0.5232892389174557,0.0076981130348398145
no_char,0.454422967610014,0.01588240393254082
no_digits,0.22457666200965182,0.012849515143739495
no_urls,0.01739419539275676,0.003480182253162071
