feature,importance_mean,importance_std
no_tweets,0.054475278748585244,0.0032922300968740133
no_usermention,0.054231044520380634,0.004957282242532627
no_lists,0.04764655460594769,0.0017274082397415401
account_age,0.041882633201766606,0.0065597168436824374
no_follower,0.00419302798338133,0.0011973428012054608
no_retweets,0.003734165328422516,0.0014990734148709244
no_following,0.003398826026985175,0.002011730508752804
no_userfavourites,0.001971700248440924,0.0014515030586821742
