feature,importance_mean,importance_std
no_tweets,0.6133011142400053,0.007528867086615802
no_follower,0.3765864699408981,0.009313332177432614
account_age,0.13682086903510446,0.008054781936200095
no_usermention,0.10863866186609,0.00912696514350761
no_following,0.10343777130158355,0.0042566869301646736
no_userfavourites,0.08252650934531075,0.004813929959540447
no_lists,0.0479311932358526,0.0042563155421530205
no_retweets,0.014444555432365683,0.002013827879921247
