threshold,precision,recall,false_positive_rate,intervened_ratio_all,estimated_spread_reduction_ratio
0.8569622317179378,0.9647058823529412,0.21866666666666668,0.0004210526315789474,0.011333333333333334,0.040572844582283336
