threshold,precision,recall,false_positive_rate,intervened_ratio_all,estimated_spread_reduction_ratio
0.3577125234702395,0.953257790368272,0.8973333333333333,0.0023157894736842107,0.047066666666666666,7.850484898283884e-06
