setting,model,val_roc_auc,val_pr_auc,val_recall_at_p95,test_roc_auc,test_pr_auc,test_recall_at_p95,selected_threshold,test_precision_at_selected_threshold,test_recall_at_selected_threshold,test_fpr_at_selected_threshold
content_only,LR,0.7738382222222222,0.6783436364690169,0.0,0.7621537777777778,0.680447554784136,0.0,0.6331818712418299,0.7424483306836248,0.6226666666666667,0.216
content_only,HGB,0.92736,0.9369891294865175,0.7693333333333333,0.9227866666666666,0.9276617080944376,0.7253333333333334,0.6657636032449022,0.92776886035313,0.7706666666666667,0.06
social_only,LR,0.7996817777777778,0.7807608957384086,0.072,0.8015768888888889,0.7567182321164951,0.0013333333333333333,0.7433387062461382,0.8275862068965517,0.064,0.013333333333333334
social_only,HGB,0.9614915555555554,0.9690672647807353,0.8666666666666667,0.9717208888888889,0.9752430153965267,0.8906666666666667,0.546312492780825,0.9347222222222222,0.8973333333333333,0.06266666666666666
fusion_all,LR,0.844897777777778,0.7691532494590638,0.0,0.8425937777777777,0.7680817903330575,0.0,0.6935560296607647,0.8417391304347827,0.6453333333333333,0.12133333333333333
fusion_all,HGB,0.986199111111111,0.9892879146228357,0.94,0.9886595555555556,0.9906505076637082,0.9546666666666667,0.3115828093859746,0.9232736572890026,0.9626666666666667,0.08
