feature,importance_mean,importance_std
no_tweets,0.1046024798113799,0.00622206046608365
no_usermention,0.08246761886557286,0.009197159363356262
account_age,0.07922267530237256,0.01792194131405555
no_lists,0.07738983915003729,0.005068341432186821
no_following,0.015389882527043833,0.0028120577404753557
no_follower,0.006376635579869977,0.003239974472898109
no_retweets,0.002074398703167113,0.0012203649890026255
no_userfavourites,0.00198360234613508,0.0007660566790955536
