feature,importance_mean,importance_std
no_hashtag,0.24227448684542324,0.006983716663046333
no_char,0.15498286928758082,0.009604657322230519
no_digits,0.036344049225464845,0.003984990316667528
no_urls,0.0011689444290457623,0.0006660787864926226
