feature,importance_mean,importance_std
no_char,0.14560857311948605,0.009575702519824113
no_hashtag,0.04632091347009955,0.009050160223584292
no_digits,0.006020625604371138,0.003630567436266441
no_urls,0.000949635315934394,0.000452893897053792
